prod,sum_quant1,avg_quant2,min_quant3,max_quant4,count_quant5
Ham,7007,395.05,623,506,23
Fish,8517,474.6111111111111,488,464,15
Apple,4899,597.6428571428571,661,658,14
Jelly,8711,560.3636363636364,601,587,22
Dates,5940,613.6818181818181,683,563,16
Cherry,7617,304.5625,363,168,26
Eggs,10426,491.38461538461536,515,500,25
Grapes,7006,440.26666666666665,447,343,17
Ice,10188,524.3571428571429,677,513,20
