prod,sum_quant1,avg_quant2,min_quant3,max_quant4,count_quant5
Ham,496.0,395.05,623,506,23
Fish,646.0,474.6111111111111,488,464,15
Apple,,597.6428571428571,661,658,14
Jelly,773.0,560.3636363636364,601,587,22
Dates,,613.6818181818181,683,563,16
Cherry,246.0,304.5625,363,168,26
Eggs,633.0,491.38461538461536,515,500,25
Grapes,,440.26666666666665,447,343,17
Ice,,524.3571428571429,677,513,20
